trial	patient	chromosome	strand	seqnames	start	end	count	sims	numSimsMatching	pVal	range
none	p12418-13	chr16	-	chr16	89725001	89730000	7	10000	0	9.999000099990002e-5	5 KB
none	p12418-13	chr18	+	chr18	58675001	58685000	43	10000	0	9.999000099990002e-5	10 KB
none	p12418-13	chr19	-	chr19	1270001	1275000	5	10000	0	9.999000099990002e-5	5 KB
none	p12418-13	chr19	-	chr19	12950001	12955000	5	10000	0	9.999000099990002e-5	5 KB
none	p12418-13	chr8	+	chr8	144750001	144755000	10	10000	0	9.999000099990002e-5	5 KB
none	p12418-13	chr9	-	chr9	136810001	136815000	10	10000	0	9.999000099990002e-5	5 KB
